Feature,Description,Difficulty,Impact
Skills Radar Chart,Visual representation of skills proficiency levels,Medium,High
Project Timeline View,Interactive timeline showing project progression,Medium,High
Interactive Resume Builder,Dynamic resume generation from profile data,Hard,Very High
API Analytics Dashboard,Dashboard showing API usage statistics,Medium,Medium
Smart Search with NLP,Natural language search with fuzzy matching,Hard,High
GitHub Integration,Auto-sync projects from GitHub repositories,Medium,High
Real-time Skill Trends,Show trending skills in the industry,Hard,Medium
PDF Export,Export profile as professional PDF resume,Medium,High
Dark/Light Theme,Toggle between dark and light UI themes,Easy,Medium
API Rate Limiting,Implement rate limiting for API security,Medium,Medium
